<?xml version="1.0" encoding="UTF-8"?>
<beans xmlns="http://www.springframework.org/schema/beans"
	xmlns:context="http://www.springframework.org/schema/context"
	xmlns:mvc="http://www.springframework.org/schema/mvc"
	xmlns:tx="http://www.springframework.org/schema/tx"
	xmlns:xsi="http://www.w3.org/2001/XMLSchema-instance"
	xmlns:util="http://www.springframework.org/schema/util"
	xsi:schemaLocation="http://www.springframework.org/schema/beans
        http://www.springframework.org/schema/beans/spring-beans.xsd
        http://www.springframework.org/schema/context
        http://www.springframework.org/schema/context/spring-context.xsd
        http://www.springframework.org/schema/tx
        http://www.springframework.org/schema/tx/spring-tx.xsd
        http://www.springframework.org/schema/util http://www.springframework.org/schema/util/spring-util-3.0.xsd
        http://www.springframework.org/schema/mvc http://www.springframework.org/schema/mvc/spring-mvc-4.0.xsd">

<context:component-scan base-package="com.cdacportal"></context:component-scan>

 <mvc:resources mapping="/resources/**" location="/resources/static/"  
	cache-period="31556926"/>
	<mvc:annotation-driven />

<bean id="dataSource" class="org.springframework.jdbc.datasource.DriverManagerDataSource">
	<property name="driverClassName" value="com.mysql.jdbc.Driver"></property>
	<property name="url" value="jdbc:mysql://localhost:3306/cdac"></property>
	<property name="username" value="cdac"></property>
	<property name="password" value="cdac"></property>
</bean>

<bean id="multipartResolver"   
class="org.springframework.web.multipart.commons.CommonsMultipartResolver"/> 

 
 
<bean id="emf" class="org.springframework.orm.jpa.LocalContainerEntityManagerFactoryBean">
	<property name="persistenceUnitName" value="jpa-example"></property>
	<property name="dataSource" ref="dataSource" ></property>
</bean>

<bean id="txManager" class="org.springframework.orm.jpa.JpaTransactionManager">
	<property name="entityManagerFactory" ref="emf"></property>
</bean>
<bean id="mailSender" class="org.springframework.mail.javamail.JavaMailSenderImpl">
    <!-- SMTP settings -->
    <property name="host" value="smtp.gmail.com" />
    <property name="port" value="587" />
    <property name="username" value="teks712@gmail.com" />
    <property name="password" value="nizmckwlikurgfig" />
    <property name="javaMailProperties">
        <!-- additional properties specific to JavaMail -->
        <props>
                <prop key="mail.smtp.auth">true</prop>
                <prop key="mail.store.protocol">pop3</prop>
                <prop key="mail.debug">true</prop>
                <prop key="mail.smtp.socketFactory.port">465</prop>  
                <prop key="mail.smtp.socketFactory.class">javax.net.ssl.SSLSocketFactory</prop> 
                <prop key="mail.transport.protocol">smtp</prop>
                <prop key="mail.smtp.starttls.enable">true</prop>
            </props>
    </property>

</bean> 




 <!-- Send Email Exception Resolver i.e. In Case Of Exception The Controller Will Navigate To 'error.jsp' & Will Display The Exception Message -->
    <bean class="org.springframework.web.servlet.handler.SimpleMappingExceptionResolver">
        <property name="exceptionMappings">
            <props>
                <prop key="java.lang.Exception">error</prop>
            </props>
        </property>
    </bean>   
    
   <bean id = "viewResolver" 
      class = "org.springframework.web.servlet.view.InternalResourceViewResolver">
   
      <property name = "prefix" value = "/view/" />
      <property name = "suffix" value=".jsp" />
   </bean>

	<tx:annotation-driven transaction-manager="txManager"/>

</beans>