<?xml version="1.0" encoding="UTF-8"?>
<beans xmlns="http://www.springframework.org/schema/beans"
	xmlns:context="http://www.springframework.org/schema/context"
	xmlns:tx="http://www.springframework.org/schema/tx"
	xmlns:xsi="http://www.w3.org/2001/XMLSchema-instance"
	xsi:schemaLocation="http://www.springframework.org/schema/beans
        http://www.springframework.org/schema/beans/spring-beans.xsd
        http://www.springframework.org/schema/context
        http://www.springframework.org/schema/context/spring-context.xsd
        http://www.springframework.org/schema/tx
        http://www.springframework.org/schema/tx/spring-tx.xsd">

<context:component-scan base-package="com.springmvc"></context:component-scan>

<bean id="dataSource" class="org.springframework.jdbc.datasource.DriverManagerDataSource">
	<property name="driverClassName" value="com.mysql.jdbc.Driver"></property>
	<property name="url" value="jdbc:mysql://localhost:3306/test"></property>
	<property name="username" value="root"></property>
	<property name="password" value=""></property>
</bean>

<bean id="multipartResolver"   
class="org.springframework.web.multipart.commons.CommonsMultipartResolver"/> 

 
<bean id="emf" class="org.springframework.orm.jpa.LocalContainerEntityManagerFactoryBean">
	<property name="persistenceUnitName" value="jpa-example"></property>
	<property name="dataSource" ref="dataSource" ></property>
</bean>

<bean id="txManager" class="org.springframework.orm.jpa.JpaTransactionManager">
	<property name="entityManagerFactory" ref="emf"></property>
</bean>
	
	<tx:annotation-driven transaction-manager="txManager"/>

</beans>